[{"wp_inactive_widgets":["recent-posts-2","recent-comments-2","categories-3","categories-4","categories-5","recent-posts-3","recent-comments-3","tag_cloud-2","woocommerce_layered_nav_filters-2","woocommerce_layered_nav-2","woocommerce_layered_nav-3","woocommerce_price_filter-2","woocommerce_product_categories-2","text-2","text-3","tag_cloud-3"],"blog-sidebar":["categories-7","alus_blogs-3","alus_recent_comments-3","tag_cloud-5"],"blog-detail-sidebar":["categories-8","alus_blogs-2","alus_recent_comments-2","tag_cloud-6"],"product-category-sidebar":["alus_product_categories-2","alus_product_filter_by_color-2","woocommerce_price_filter-4","alus_products-2"],"product-filters-content":["alus_product_categories-3","alus_product_filter_by_color-3","woocommerce_price_filter-5"],"product-detail-sidebar":["alus_products-3"],"footer-middle":["alus_footer-4"],"footer-bottom":["alus_footer-3"]},{"categories":{"7":{"title":"","count":1,"hierarchical":0,"dropdown":0},"8":{"title":"Categories","count":1,"hierarchical":0,"dropdown":0},"3":{"title":"","count":0,"hierarchical":0,"dropdown":0},"4":{"title":"","count":0,"hierarchical":0,"dropdown":0},"5":{"title":"","count":0,"hierarchical":0,"dropdown":0},"_multiwidget":1},"alus_blogs":{"3":{"title":"Recent Posts","limit":4,"order":"desc","orderby":"date","categories":null,"show_thumbnail":"1","show_title":"1","show_date":"1","show_author":"1","show_comment":"1","is_slider":null,"row":2,"show_nav":"1","auto_play":"1"},"2":{"title":"Recent Posts","limit":4,"order":"desc","orderby":"date","categories":null,"show_thumbnail":"1","show_title":"1","show_date":"1","show_author":"1","show_comment":"1","show_excerpt":"1","excerpt_words":8,"is_slider":null,"row":2,"show_nav":"1","auto_play":"1"},"_multiwidget":1},"alus_recent_comments":{"3":{"title":"Recent Comments","limit":4,"post_type":"post","show_date":"1","show_avatar":"1","show_author":"1","show_comment":"1","show_post_on":"1","is_slider":"","row":2,"show_nav":"1","auto_play":"1"},"2":{"title":"Recent Comments","limit":4,"post_type":"post","show_date":"1","show_avatar":"1","show_author":"1","show_comment":"1","show_post_on":"1","is_slider":"","row":4,"show_nav":"","auto_play":""},"_multiwidget":1},"tag_cloud":{"5":{"title":"Tags","taxonomy":"post_tag"},"6":{"title":"Tag Cloud","count":0,"taxonomy":"post_tag"},"2":{"title":"Popular tags","taxonomy":"product_tag"},"3":{"title":"Popular tags","taxonomy":"product_tag"},"_multiwidget":1},"alus_product_categories":{"2":{"title":"Categories","show_post_count":"1","show_sub_cat":"1","hide_empty":null,"orderby":"name","order":"asc","include_cat":null},"3":{"title":"Categories","show_post_count":"1","show_sub_cat":"1","hide_empty":null,"orderby":"name","order":"asc","include_cat":null},"_multiwidget":1},"alus_product_filter_by_color":{"2":{"title":"Filter By Color","query_type":"and"},"3":{"title":"Filter By Color","query_type":"and"},"_multiwidget":1},"woocommerce_price_filter":{"4":{"title":"Filter by price"},"5":{"title":"Filter by price"},"2":{"title":"Filter by price"},"_multiwidget":1},"alus_products":{"2":{"title":"Recent Products","product_type":"recent","thumbnail_size":"shop_thumbnail","product_cats":"","row":3,"limit":9,"show_thumbnail":"1","show_categories":"","show_product_title":"1","show_price":"1","show_rating":"1","is_slider":"1","show_nav":"","auto_play":""},"3":{"title":"Recent Products","product_type":"recent","thumbnail_size":"shop_thumbnail","product_cats":"","row":4,"limit":8,"show_thumbnail":"1","show_categories":"","show_product_title":"1","show_price":"1","show_rating":"1","is_slider":"1","show_nav":"","auto_play":""},"_multiwidget":1},"alus_footer":{"4":{"block_id":"2020"},"3":{"block_id":"2021"},"_multiwidget":1},"recent-posts":{"2":{"title":"Recent post","number":5,"show_date":false},"3":{"title":"Recent post","number":5,"show_date":false},"_multiwidget":1},"recent-comments":{"2":{"title":"Recent comment","number":5},"3":{"title":"Recent comment","number":5},"_multiwidget":1},"woocommerce_layered_nav_filters":{"2":{"title":"Active Filters"},"_multiwidget":1},"woocommerce_layered_nav":{"2":{"title":"Filter By Color","attribute":"color","display_type":"list","query_type":"and"},"3":{"title":"Filter By Size","attribute":"size","display_type":"list","query_type":"and"},"_multiwidget":1},"woocommerce_product_categories":{"2":{"title":"Product Categories","orderby":"name","dropdown":0,"count":0,"hierarchical":1,"show_children_only":0,"hide_empty":0},"_multiwidget":1},"text":{"2":{"title":"Check1","text":"\u00e1dddddd","filter":false},"3":{"title":"Check2","text":"kkkkkkd\u00e1\u0111","filter":false},"_multiwidget":1}}]