{
    "key": "group_5b2a1478dba14",
    "title": "Post Format: Video",
    "fields": [
        {
            "key": "field_5b2a148b8be65",
            "label": "Video Type",
            "name": "video_type",
            "type": "button_group",
            "instructions": "",
            "required": 0,
            "conditional_logic": 0,
            "wrapper": {
                "width": "",
                "class": "",
                "id": ""
            },
            "choices": {
                "html": "Upload",
                "youtube": "Iframe"
            },
            "allow_null": 0,
            "default_value": "",
            "layout": "horizontal",
            "return_format": "value"
        },
        {
            "key": "field_5b2a14a38be66",
            "label": "Video",
            "name": "upload_video",
            "type": "file",
            "instructions": "Upload video (mp4 | ogg | webm)",
            "required": 0,
            "conditional_logic": [
                [
                    {
                        "field": "field_5b2a148b8be65",
                        "operator": "==",
                        "value": "html"
                    }
                ]
            ],
            "wrapper": {
                "width": "",
                "class": "",
                "id": ""
            },
            "return_format": "array",
            "library": "all",
            "min_size": "",
            "max_size": "",
            "mime_types": ""
        },
        {
            "key": "field_5b2a15178be67",
            "label": "YouTube | Vimeo Video",
            "name": "iframe",
            "type": "oembed",
            "instructions": "Insert link to YouTube, Vimeo Video",
            "required": 0,
            "conditional_logic": [
                [
                    {
                        "field": "field_5b2a148b8be65",
                        "operator": "==",
                        "value": "youtube"
                    }
                ]
            ],
            "wrapper": {
                "width": "",
                "class": "",
                "id": ""
            },
            "width": "",
            "height": ""
        }
    ],
    "location": [
        [
            {
                "param": "post_format",
                "operator": "==",
                "value": "video"
            }
        ]
    ],
    "menu_order": 0,
    "position": "normal",
    "style": "default",
    "label_placement": "top",
    "instruction_placement": "label",
    "hide_on_screen": "",
    "active": 1,
    "description": "",
    "modified": 1529487034
}