{
    "key": "group_5b1a9bf207ca7",
    "title": "Page Options",
    "fields": [
        {
            "key": "field_5b1a9c7b9ecb4",
            "label": "Breadcrumbs",
            "name": "breadcrumbs",
            "type": "true_false",
            "instructions": "",
            "required": 0,
            "conditional_logic": 0,
            "wrapper": {
                "width": "",
                "class": "",
                "id": ""
            },
            "message": "",
            "default_value": 1,
            "ui": 1,
            "ui_on_text": "Show",
            "ui_off_text": "Hide"
        },
        {
            "key": "field_5b1a9d75fcc4b",
            "label": "Background Image",
            "name": "breadcrumbs_bg",
            "type": "image",
            "instructions": "",
            "required": 0,
            "conditional_logic": 0,
            "wrapper": {
                "width": "",
                "class": "",
                "id": ""
            },
            "return_format": "url",
            "preview_size": "thumbnail",
            "library": "all",
            "min_width": "",
            "min_height": "",
            "min_size": "",
            "max_width": "",
            "max_height": "",
            "max_size": "",
            "mime_types": ""
        },
        {
            "key": "field_5b1a9f21a5608",
            "label": "Desktop Navigation Type",
            "name": "desktop_navigation_type",
            "type": "radio",
            "instructions": "",
            "required": 0,
            "conditional_logic": 0,
            "wrapper": {
                "width": "",
                "class": "",
                "id": ""
            },
            "choices": {
                "global": "User Global Settings",
                "fixed_on_scroll": "Fixed on Scroll",
                "fixed_fill": "Fixed Fill",
                "static_fill": "Static Fill",
                "static_transparent": "Static Transparent"
            },
            "allow_null": 0,
            "other_choice": 0,
            "save_other_choice": 0,
            "default_value": "gobal",
            "layout": "vertical",
            "return_format": "value"
        },
        {
            "key": "field_5b1a9f8ba5609",
            "label": "Mobile Navigation Type",
            "name": "mob_navigation_type",
            "type": "radio",
            "instructions": "",
            "required": 0,
            "conditional_logic": 0,
            "wrapper": {
                "width": "",
                "class": "",
                "id": ""
            },
            "choices": {
                "global": "User Global Settings",
                "fixed": "Fixed",
                "static": "Static"
            },
            "allow_null": 0,
            "other_choice": 0,
            "save_other_choice": 0,
            "default_value": "global",
            "layout": "vertical",
            "return_format": "value"
        }
    ],
    "location": [
        [
            {
                "param": "post_type",
                "operator": "==",
                "value": "post"
            }
        ],
        [
            {
                "param": "post_type",
                "operator": "==",
                "value": "page"
            }
        ],
        [
            {
                "param": "post_type",
                "operator": "==",
                "value": "portfolio"
            }
        ]
    ],
    "menu_order": 0,
    "position": "normal",
    "style": "default",
    "label_placement": "top",
    "instruction_placement": "label",
    "hide_on_screen": "",
    "active": 1,
    "description": "",
    "modified": 1528472581
}